{"{'learning_rate': 0.001, 'epochs': 30, 'batch_size': 8, 'e_start': 0, 'scheduler_step': 4, 'scheduler_gamma': 0.85, 'model': '2D', 'UNet': False, 'beta1': 0, 'beta2': 0, 'beta3': 0, 'beta4': 0, 'beta5': 0, 'beta6': 0, 'beta7': 0, 'dataset': 'even_interval'}": {"Train": {"MRE": 0.04477641500026389, "MSE": 0.00020236819276033035, "R^2": 0.9929888572237493}, "Validation": {"MRE": 0.05120423289010482, "MSE": 0.00027103582253861706, "R^2": 0.9907964033764527}, "Test": {"MRE": 0.04601422509668782, "MSE": 0.00021268847887739162, "R^2": 0.9926221569270609}}, "{'learning_rate': 0.001, 'epochs': 30, 'batch_size': 4, 'e_start': 0, 'scheduler_step': 4, 'scheduler_gamma': 0.85, 'model': '3D', 'UNet': False, 'beta1': 0, 'beta2': 0, 'beta3': 0, 'beta4': 0, 'beta5': 0, 'beta6': 0, 'beta7': 0, 'dataset': 'even_interval'}": {"Train": {"MRE": 0.04856734491955733, "MSE": 0.00022397791524286166, "R^2": 0.9921885351646424}, "Validation": {"MRE": 0.05540888777269094, "MSE": 0.00029819630037179377, "R^2": 0.9898957574462657}, "Test": {"MRE": 0.052141618434944664, "MSE": 0.0002639117064481145, "R^2": 0.9906569835604266}},"{'learning_rate': 0.001, 'epochs': 30, 'batch_size': 8, 'e_start': 0, 'scheduler_step': 4, 'scheduler_gamma': 0.85, 'model': '2D', 'UNet': True, 'beta1': 0, 'beta2': 0, 'beta3': 0, 'beta4': 0, 'beta5': 0, 'beta6': 0, 'beta7': 0, 'dataset': 'even_interval'}": {"Train": {"MRE": 0.029951019006478587, "MSE": 0.00010133077377948094, "R^2": 0.9964712879631445}, "Validation": {"MRE": 0.03536541756542863, "MSE": 0.00015074548060742813, "R^2": 0.9947970185476833}, "Test": {"MRE": 0.03640718529398504, "MSE": 0.00014710903864910042, "R^2": 0.9949908404459997}}, "{'learning_rate': 0.001, 'epochs': 30, 'batch_size': 4, 'e_start': 0, 'scheduler_step': 4, 'scheduler_gamma': 0.85, 'model': '3D', 'UNet': True, 'beta1': 0, 'beta2': 0, 'beta3': 0, 'beta4': 0, 'beta5': 0, 'beta6': 0, 'beta7': 0, 'dataset': 'even_interval'}": {"Train": {"MRE": 0.03232280723013671, "MSE": 9.326733834771138e-05, "R^2": 0.9967714416222169}, "Validation": {"MRE": 0.036928586800067185, "MSE": 0.0001287069960247522, "R^2": 0.9956179756739528}, "Test": {"MRE": 0.03558447645678076, "MSE": 0.00011697820141540983, "R^2": 0.9959834556698809}}, "{'learning_rate': 0.001, 'epochs': 30, 'batch_size': 4, 'e_start': 0, 'scheduler_step': 4, 'scheduler_gamma': 0.85, 'model': '3D', 'UNet': True, 'beta1': 0.1, 'beta2': 0.1, 'beta3': 0.0, 'beta4': 0.0, 'beta5': 0.0, 'beta6': 0.0, 'beta7': 0.0, 'dataset': 'even_interval'}": {"Train": {"MRE": 0.02427686093351323, "MSE": 5.6017671953544004e-05, "R^2": 0.9980496479645775}, "Validation": {"MRE": 0.029357329384495024, "MSE": 8.829905816630202e-05, "R^2": 0.9969868053387666}, "Test": {"MRE": 0.027330835320849154, "MSE": 7.444864037776323e-05, "R^2": 0.997430789189607}}, "{'learning_rate': 0.001, 'epochs': 30, 'batch_size': 4, 'e_start': 0, 'scheduler_step': 4, 'scheduler_gamma': 0.85, 'model': '3D', 'UNet': True, 'beta1': 0.0, 'beta2': 0.0, 'beta3': 0.1, 'beta4': 0.1, 'beta5': 0.0, 'beta6': 0.0, 'beta7': 0.0, 'dataset': 'even_interval'}": {"Train": {"MRE": 0.028604880301415177, "MSE": 7.593902530196978e-05, "R^2": 0.997378559551338}, "Validation": {"MRE": 0.03345973590689357, "MSE": 0.00011025937138505783, "R^2": 0.9962626305350823}, "Test": {"MRE": 0.03233527877115006, "MSE": 0.00010005067238720103, "R^2": 0.9965459683512446}}, "{'learning_rate': 0.001, 'epochs': 30, 'batch_size': 4, 'e_start': 0, 'scheduler_step': 4, 'scheduler_gamma': 0.85, 'model': '3D', 'UNet': True, 'beta1': 0.0, 'beta2': 0.0, 'beta3': 0.0, 'beta4': 0.0, 'beta5': 0.1, 'beta6': 0.1, 'beta7': 0.1, 'dataset': 'even_interval'}": {"Train": {"MRE": 0.028999078374530262, "MSE": 8.363327582848376e-05, "R^2": 0.9971103291101429}, "Validation": {"MRE": 0.03440951614107592, "MSE": 0.00012701964993131718, "R^2": 0.9956916201272344}, "Test": {"MRE": 0.03143637380283973, "MSE": 0.00010116234566848668, "R^2": 0.9965360961516554}},  "{'learning_rate': 0.001, 'epochs': 30, 'batch_size': 4, 'e_start': 0, 'scheduler_step': 4, 'scheduler_gamma': 0.85, 'model': '3D', 'UNet': True, 'beta1': 0.1, 'beta2': 0.1, 'beta3': 0.1, 'beta4': 0.1, 'beta5': 0.1, 'beta6': 0.1, 'beta7': 0.1, 'dataset': 'even_interval'}": {"Train": {"MRE": 0.023732435014553424, "MSE": 5.745429121351582e-05, "R^2": 0.9980007239242985}, "Validation": {"MRE": 0.027720511375876493, "MSE": 8.14177619697518e-05, "R^2": 0.9972410196828346}, "Test": {"MRE": 0.026371375051894408, "MSE": 7.707780902532497e-05, "R^2": 0.9973667718530015}}, "{'learning_rate': 0.001, 'epochs': 200, 'batch_size': 4, 'e_start': 0, 'scheduler_step': 4, 'scheduler_gamma': 0.85, 'model': '3D', 'UNet': True, 'beta1': 0.1, 'beta2': 0.1, 'beta3': 0.1, 'beta4': 0.1, 'beta5': 0.1, 'beta6': 0.1, 'beta7': 0.1, 'dataset': 'even_interval'}": {"Train": {"MRE": 0.009349703354137899, "MSE": 8.013983746466816e-06, "R^2": 0.9997214907448232}, "Validation": {"MRE": 0.014598462708932529, "MSE": 2.491831265620573e-05, "R^2": 0.9991452906278643}, "Test": {"MRE": 0.014256345711916422, "MSE": 2.3786902983945567e-05, "R^2": 0.9991200978617899}},"{'learning_rate': 0.001, 'epochs': 150, 'batch_size': 4, 'e_start': 0, 'scheduler_step': 4, 'scheduler_gamma': 0.85, 'model': '3D', 'UNet': True, 'beta1': 0.1, 'beta2': 0.1, 'beta3': 0.1, 'beta4': 0.1, 'beta5': 0.1, 'beta6': 0.1, 'beta7': 0.1, 'dataset': 'even_interval'}": {"Train": {"MRE": 0.009462583819635585, "MSE": 8.197654612856376e-06, "R^2": 0.9997129048297241}, "Validation": {"MRE": 0.014699019860812073, "MSE": 2.525297611466164e-05, "R^2": 0.9991345193139848}, "Test": {"MRE": 0.014414322306825336, "MSE": 2.4356674238267474e-05, "R^2": 0.9991014030793268}},"{'learning_rate': 0.001, 'epochs': 150, 'batch_size': 8, 'e_start': 0, 'scheduler_step': 4, 'scheduler_gamma': 0.85, 'model': '2D', 'UNet': True, 'beta1': 0.1, 'beta2': 0.1, 'beta3': 0.1, 'beta4': 0.1, 'beta5': 0.1, 'beta6': 0.1, 'beta7': 0.1, 'dataset': 'even_interval'}": {"Train": {"MRE": 0.013725691562558932, "MSE": 1.9093759152718097e-05, "R^2": 0.9993441512688112}, "Validation": {"MRE": 0.018515179298286857, "MSE": 4.6219414675676215e-05, "R^2": 0.9984156355210899}, "Test": {"MRE": 0.019781279447623167, "MSE":  4.488471173279656e-05, "R^2":  0.9984102955084133}}}